,nome,sobrenome,email,senha,cep,celular,bairro,cidade,estado
0,Gabriel,Marcelo Viana,gabrielmarceloviana@spamgourmet.com,A89Xr4MsGA,57045460,82999946923,Barro Duro,Maceió,Alagoas
1,Guilherme,André Victor da Paz,guilherme-dapaz87@sigtechbr.com,POM2D8xpud,69906490,68992345582,Taquarí,Rio Branco,Acre
2,Liz,Adriana Rezende,liz_adriana_rezende@sistectecnologia.com.br,pIjGZTMtom,60025220,85981381375,Fátima,Fortaleza,Ceará
3,Kauê,Benjamin Caldeira,kaue_benjamin_caldeira@mailnull.com,cNtFWfr6dM,73255900,61987358188,Região dos Lagos (Sobradinho),Brasília,Distrito Federal
4,Cecília,Raquel Moreira,cecilia_raquel_moreira@jp.ind.br,dbsah2thea,59120300,84986134715,Potengi,Natal,Rio Grande do Norte
5,Manuel,Nathan Martins,manuel_nathan_martins@alvesbarcelos.com.br,f3crd42hO2,86037778,43983229783,Residencial Abussafe,Londrina,Paraná
6,Emanuelly,Tatiane Heloise da Rosa,emanuellytatianedarosa@gimail.com,bhJfsR0afT,58401000,83986321600,Palmeira,Campina Grande,Paraíba
7,Gabriel,Bento Ferreira,gabriel_ferreira@hitmail.com,lRJPhwjKP4,68913970,96996490717,Central,Bailique,Amapá
8,Filipe,Francisco Alves,filipe_francisco_alves@nogueiramoura.com.br,Ltyc1NF4zu,97095350,55996653113,Km 3,Santa Maria,Rio Grande do Sul
9,Mariah,Isabelle Yasmin Mendes,mariahisabellemendes@iclud.com,WpWr0f2a5j,78008195,65998634639,Baú,Cuiabá,Mato Grosso
10,Emanuelly,Heloise Barros,emanuelly.heloise.barros@ecotransambiental.com.br,6rSORirJGC,33943435,31981511341,São João de Deus (Justinópolis),Ribeirão das Neves,Minas Gerais
11,Louise,Alessandra Giovanna Moura,louise.alessandra.moura@officetectecnologia.com.br,CtHioB9bpA,64011130,86995782548,Santa Rosa,Teresina,Piauí
12,Diego,Arthur Benjamin Nogueira,diego_nogueira@superigi.com.br,8z3BJsF2eU,21521090,21992763621,Pavuna,Rio de Janeiro,Rio de Janeiro
13,Sebastião,Noah Isaac da Cruz,sebastiao_dacruz@oralcamp.com.br,3SutbO35JX,26562310,21984333403,Jacutinga,Mesquita,Rio de Janeiro
14,Calebe,Luís da Mata,calebe.luis.damata@outlook.com.br,JgqOpEbWzU,68550085,94998844976,Jardim Lucena,Redenção,Pará
15,Raquel,Tereza Liz dos Santos,raquelterezadossantos@origamieventos.com.br,pejLDnR2ZT,68555008,94991732890,Centro,Xinguara,Pará
16,Murilo,Anderson Pereira,murilo-pereira80@gilconsultoria.com.br,nskPLMmJxo,58417373,83996854184,Santa Cruz,Campina Grande,Paraíba
17,Benjamin,Erick Fernandes,benjamin_fernandes@plaman.com.br,8cJKcGTtZC,87309698,44982736180,Jardim Batel,Campo Mourão,Paraná
18,Gael,Enzo Cavalcanti,gael_cavalcanti@caesarbusiness.com.br,LXwyS3U60n,69909669,68981514185,Vila da Amizade,Rio Branco,Acre
19,Sophia,Luna das Neves,sophia.luna.dasneves@rizan.com.br,X5kbfGKj3K,39864974,33986317691,Francisco Sá,Carlos Chagas,Minas Gerais
20,Emily,Ana Nunes,emilyananunes@cntbrasil.com.br,qrSSfruyy7,58091120,83999905552,Alto do Mateus,João Pessoa,Paraíba
21,Ryan,Thales Felipe Baptista,ryan_thales_baptista@cruiser.com.br,3sY6D4Cukr,24916415,21996115683,Guaratiba (Ponta Negra),Maricá,Rio de Janeiro
22,Caroline,Olivia Almeida,carolineoliviaalmeida@hormail.com,jqp9LlxiHP,71591330,61997290894,Del Lago I (Itapoã),Brasília,Distrito Federal
23,Geraldo,César Victor Ribeiro,geraldocesarribeiro@ciaimoveissjc.com,6x7TrYmKII,78135565,65992460834,Canelas,Várzea Grande,Mato Grosso
24,Marcela,Tatiane da Silva,marcela.tatiane.dasilva@fclcapital.com,KeEffSwq7N,57040022,82991693844,Jacintinho,Maceió,Alagoas
25,Evelyn,Lorena Oliveira,evelyn_oliveira@valparaibaimoveis.com.br,u7YO5IMnw7,88813185,48984612749,Brasília,Criciúma,Santa Catarina
26,Márcio,Augusto Lucas de Paula,marcioaugustodepaula@dpauladecor.com.br,Sr27eBkRiw,67124180,91997290211,Icuí-Laranjeira,Ananindeua,Pará
27,Isadora,Sônia Pires,isadora_sonia_pires@odebrecht.com,lNguZLRalZ,95240970,54984659653,Centro,Ipê,Rio Grande do Sul
28,Paulo,Mário Souza,paulo_souza@sha.com.br,FUXObTJse4,57084676,82985791260,Benedito Bentes,Maceió,Alagoas
29,Antonella,Beatriz Freitas,antonella_freitas@petrobras.com.br,BPBmPQDRac,49080020,79995317885,América,Aracaju,Sergipe
